Title;Salary;Company;Location;Date
Руководитель интернет-проектов;120 000-250 000 KZT;ТОО Компания Web-master.kz, ТМ (Корж, ИП);Караганда;20 ноября
Стажер BI;от 120 000 KZT;ТОО UCO;Алматы;20 ноября
Администратор учебного класса;от 150 000 KZT;ТОО HR Капитал CA;Алматы;18 ноября
Помощник тестировщика;; INTECH;Алматы;25 ноября
Младший аналитик в Департамент рисков;;АО Банк Хоум Кредит, ДБ АО;Алматы;25 ноября
Техник - Инкассатор;170 000-200 000 KZT;ТОО DDK Group;Алматы;16 ноября
Стажер SAP (warehouse intern);;ТОО Coca-Cola İçecek Kazakhstan  ( ТОО СП «Кока-Кола Алматы Боттлерс» );Нур-Султан;11 ноября
Аналитик (Data Science);;ТОО Phaeton DC;Алматы;18 ноября
Стажер SAP (Warehouse intern);;ТОО Coca-Cola İçecek Kazakhstan  ( ТОО СП «Кока-Кола Алматы Боттлерс» );Алматы;16 ноября
Специалист по контенту;до 190 000 KZT;АО Казахтелеком;Алматы;20 ноября
Копирайтер/рерайтер (на английском языке);70 000-90 000 руб.; Content Creative Agency;Алматы;30 октября
Стажер Центра экспертизы RPA («Корпоративный университет «Самрук-Казына»);; Частное учреждение «Корпоративный университет «Самрук-Казына»;Нур-Султан;2 ноября
Cтажер на Тезис/next cloud;от 120 000 KZT;ТОО UCO;Алматы;20 ноября
Junior UI/UX (Начинающий);;Общ. орг. Центр анализа и расследования кибер атак;Нур-Султан;19 ноября
Оператор call-центра (удаленная работа);до 25 000 руб.;;Алматы;10 ноября
Специалист отдела телемаркетинга (удаленная работа);; Beeline, ТМ;Алматы;18 ноября
Оператор систем видеонаблюдения;15 000-25 000 руб.; SteadyControl;Павлодар;27 октября
Контент-менеджер (товары);; Mebels.kz, Интернет-магазин Мебели и Дверей, Каменев Д.В. ИП;Караганда;18 ноября
Интерн UX/UI Департамента аналитических систем;;АО Народный банк Казахстана;Алматы;18 ноября
Системный администратор;от 90 000 KZT;ТОО IT Support Group;Алматы;10 ноября
Intern - Analyst/Assistant (стажер);;ТОО GMN;Алматы;12 ноября
Junior backend developer;80 000-300 000 KZT;ТОО Canvas;Нур-Султан;9 ноября
Стажер в IT Отдел;;ТОО VILED GROUP;Алматы;5 ноября
Специалист технической поддержки;150 000-250 000 KZT;ТОО EA Group Holding;Алматы;6 ноября
IT-специалист;от 190 000 KZT;ТОО Доктор Веб - Центральная Азия, ТОО;Алматы;26 ноября
Интернет-маркетолог (Internet marketing manager);от 150 000 KZT;ТОО TerraNET;Алматы;10 ноября
Оператор интернет-магазина;до 120 000 KZT;ТОО Domplast;Караганда;17 ноября
Стажер отдела IT;;ТОО Компания ЭВРИКА;Шымкент;26 ноября
Специалист по продажам (удаленная работа);; Beeline, ТМ;Нур-Султан;18 ноября
Стажер-программист 1С;от 90 000 KZT;ТОО Первый БИТ;Алматы, Алатау;10 ноября
Layout Developer;;АО ДОЧЕРНЯЯ ОРГАНИЗАЦИЯ НАРОДНОГО БАНКА КАЗАХСТАНА HALYK FINSERVICE;Алматы;25 ноября
Java Developer;;ООО Accenture;Алматы;23 ноября
Системный администратор;180 000-220 000 KZT;ТОО ProMebel, ТМ (ТОО IDIA Market);Алматы;12 ноября
Младший маркетолог (Стажер в отдел Маркетинга);100 000-120 000 KZT;ТОО ТССП Казахстан;Нур-Султан;24 ноября
Программист-разработчик;;АО Дочерняя организация Народного Банка Казахстана Страховая компания Халык;Алматы;11 ноября
Программист баз данных в службу техподдержки;80 000-200 000 KZT;ИП Акулов;Алматы;25 ноября
Специалист по IT;120 000-150 000 KZT;ТОО ARTEL ASTANA (АРТЕЛ АСТАНА);Нур-Султан;13 ноября
Разработчик сайта;180 000-250 000 KZT;ИП Центр Развития Предпринимателей;Нур-Султан;12 ноября
SMM-менеджер (по работе с контентом);до 150 000 KZT;ИП Universal Marketing Group;Караганда;24 ноября
Контент - менеджер/ копирайтер;100 000-100 000 KZT;ИП CardEхpress;Алматы;25 ноября
Инженер линейных сооружений связи и абонентских устройств;;АО Казахтелеком;Сарканд;23 ноября
Стажер-программист 1С;от 60 000 KZT;ТОО AVITIM;Алматы, Драмтеатр имени Ауэзова;9 ноября
Инженер-электронщик;100 000-300 000 KZT;ТОО АТОЗ;Алматы;28 октября
Младший консультант (управленческое консультирование);;ТОО Dostyk Advisory;Нур-Султан;17 ноября
Специалист по мониторингу СМИ и соцсетей;90 000-200 000 KZT;ТОО iMAS GROUP;Нур-Султан;28 октября
Tik Tok мейкер;от 150 000 KZT;ТОО ZHAN ALEMI GROUP;Шымкент;16 ноября
Разработчик пользовательского интерфейса;от 200 000 KZT;ТОО DevArt;Алматы;2 ноября
Sap специалист;100 000-120 000 KZT;ТОО Line System Engineering, ТОО;Алматы;16 ноября
C#/.NET разработчик (Middle);;ТОО Gexabyte;Алматы, Абая и еще 1 ;16 ноября
Специалист внедрения/Специалист технической поддержки (Удаленно);20 000-70 000 руб.;ООО ИнтеллектДиалог;Алматы;13 ноября
Системный администратор;от 300 000 KZT;ТОО Alpha-Safety;Усть-Каменогорск;10 ноября
Data Science;400 000-600 000 KZT;ТОО Vitatrade;Алматы;16 ноября
Программист по бизнес-аналитике;;ТОО Прима Distribution;Алматы;24 ноября
Frontend developer;;ТОО InCraft;Алматы;17 ноября
Эксперт-оценщик;110 000-150 000 KZT;ТОО Expert Lab Company;Отеген-Батыр;7 ноября
Java-разработчик (Middle);;ТОО Gexabyte;Алматы, Абая и еще 1 ;16 ноября
Специалист по обслуживанию физических лиц;;АО Казахтелеком;Алматы;8 ноября
Менеджер по продажам;;ИП HR Solutions (ТМ Белый Ветер KZ);Павлодар;23 ноября
Руководитель отдела по работе с клиентами;30 000-55 000 руб.;ИП Сёмина Наталья Викторовна;Нур-Султан;23 ноября
Консультант службы технической поддержки;;ТОО Esepshi.kz;Нур-Султан;25 ноября
Специалист по продажам (удаленно);; Beeline, ТМ;Шымкент;18 ноября
Системный администратор;от 120 000 KZT;ТОО First sale;Алматы;2 ноября
Инженер электросвязи;;АО Казахтелеком;Алматы;23 ноября
Специалист службы поддержки пользователей (со знанием казахского языка);110 000-130 000 KZT;ТОО 7Лайн;Алматы;16 ноября
Junior Python Developer;;ТОО iMAS GROUP;Семей;30 октября
Техник-программист;;ТОО Майкубен-Вест;Экибастуз;13 ноября
Контент-менеджер/маркетолог;130 000-150 000 KZT;ТОО ARDES;Алматы;24 ноября
Стажер в отдел внедрения и сопровождения 1С;; 1С:Франчайзинг Ваниев;Алматы, Сайран;25 ноября
SQL разработчик;до 135 000 KZT;АО First Heartland Jýsan Bank;Алматы;11 ноября
Специалист отдела технической поддержки;от 30 000 руб.; Sipuni.com;Алматы;13 ноября
IT-специалист;180 000-220 000 KZT;ТОО ProMebel, ТМ (ТОО IDIA Market);Алматы;25 ноября
Оператор call-центра (отдел продаж);от 150 000 KZT;ТОО МЦФЭР-Казахстан;Алматы;23 ноября
Стажер на тренинг Software Testing Introduction;;ТОО Epam Kazakhstan (Эпам Казахстан),ТОО;Караганда;26 ноября
Старший инженер отдела мониторинга транспортной сети;; Beeline, ТМ;Алматы;19 ноября
Консультант 1С (в отдел регионального развития);от 150 000 KZT;ТОО АзияShymСервис;Нур-Султан;11 ноября
HR Директор;от 300 000 KZT;ТОО HR Капитал CA;Алматы;18 ноября
Менеджер по продажам услуг;до 500 000 KZT;ТОО HR Капитал CA;Алматы;18 ноября
Junior Oracle Data base administrator;; Kaspi Bank, АО;Алматы;4 ноября
Ассистент менеджера проектов (помощник менеджера проектов) в городе Нур-Султан;;ТОО Ракетная фирма;Нур-Султан;16 ноября
Интернет-маркетолог;;ТОО HR Капитал CA;Алматы;16 ноября
Full Stack разработчик;300 000-700 000 KZT;ТОО Spaceduck;Алматы;26 ноября
Менеджер по продажам IT услуг;100 000-250 000 KZT;ТОО Реал Сити;Алматы;5 ноября
Оператор call-центра (со знанием казахского языка и русского языка);110 000-130 000 KZT;ТОО 7Лайн;Алматы;16 ноября
Младший разработчик (PHP);;АО TECHNODOM Operator (Технодом Оператор);Алматы;25 ноября
Контент менеджер;150 000-150 000 KZT;ТОО e-shop;Нур-Султан;16 ноября
Художник-преподаватель;70 000-150 000 KZT;ИП Astana ART;Нур-Султан;12 ноября
Оператор call-центра;60 000-140 000 KZT;ТОО Смартер Казахстан;Шымкент;26 ноября
Монтажник связи;;ТОО Коркем Телеком;Шымкент;26 ноября
Менеджер по сопровождению клиентов;150 000-300 000 KZT;ТОО Первый БИТ;Алматы, Алатау;26 ноября
Продавец-консультант;;ТОО Fora;Караганда;11 ноября
Администратор баз 1С;;ТОО МЕЧТА, ТМ (Мечта Маркет, ТОО);Нур-Султан;16 ноября
Оператор колл-центра (Фармацевт);120 000-130 000 KZT;ТОО 7Лайн;Алматы;23 ноября
Специалист по продажам (удаленная работа);; Beeline, ТМ;Павлодар;18 ноября
Менеджер по продажам;от 70 000 KZT;ТОО 2GIS Astana;Нур-Султан;6 ноября
Техник участка магистральных линий;;АО Алма Телекоммуникейшнс Казахстан ( ТМ АЛМА-ТВ);Караганда;5 ноября
Заведующий складом;; Казтелепорт, АО;Алматы;17 ноября
Специалист по продажам (удаленная работа);; Beeline, ТМ;Актобе;18 ноября
Программист-стажер 1С;от 50 000 KZT;ТОО Ристарт Технологии;Алматы;24 ноября
Менеджер по продажам;420 000-1 600 000 KZT;ТОО АльДиС;Алматы;25 ноября
Специалист по продажам (удаленная работа);; Beeline, ТМ;Семей;18 ноября
Менеджер по работе с клиентами;100 000-350 000 KZT;ИП Сервис com;Усть-Каменогорск;9 ноября
Сервисный инженер (медицинское оборудование);от 150 000 KZT;ТОО ЛОКАЛ ФАРМ;Нур-Султан;23 ноября
Специалист по продажам (удаленная работа);; Beeline, ТМ;Атырау;18 ноября
Специалист технической поддержки;60 000-150 000 KZT;ТОО Сәтті Телеком;Кызылорда;8 ноября
Менеджер-консультант 1С;;ТОО Profi Soft;Костанай;29 октября
Региональный менеджер по продажам;;ТОО Esepshi.kz;Нур-Султан;2 ноября
Контент-менеджер;;ТОО МЕГА-МАКС;Шымкент;19 ноября
Системный администратор - Ведущий инженер IT;от 300 000 KZT;ТОО SMARTNET;Алматы;24 ноября
Специалист по технической поддержке;;ТОО Platonus;Алматы, Жибек Жолы;29 октября
Специалист по продажам (удаленная работа);; Beeline, ТМ;Кызылорда;18 ноября
Специалист по продажам (удаленно);; Beeline, ТМ;Уральск;18 ноября
Электромонтер связи (г. Нур-Султан);;АО Казахтелеком;Нур-Султан;20 ноября
Менеджер по проектам;145 000-250 000 KZT;ТОО XFinity Solutions;Алматы, Абая;25 ноября
Специалист по продажам (удаленная работа);; Beeline, ТМ;Тараз;18 ноября
Специалист по продажам (удаленная работа);; Beeline, ТМ;Усть-Каменогорск;18 ноября
Продавец-консультант;;ТОО Fora;Усть-Каменогорск;23 ноября
2D Художник по окружению;160 000-200 000 KZT;ТОО TECHNICAL CAPABILITIES CIS;Алматы;8 ноября
Монтажник СКС;150 000-190 000 KZT;ТОО ST Integrator Company;Алматы;16 ноября
Менеджер по рекламе;60 000-200 000 KZT;ТОО AIO Corporation;Алматы;24 ноября
Монтажник слаботочных систем;;ИП Интегрированные Системы Безопасности;Актау;24 ноября
Разработчик баз данных;от 250 000 KZT;ТОО Smart Remont;Нур-Султан;24 ноября
Менеджер по сопровождению клиентов (Консалтинговые проекты);130 000-180 000 KZT;ТОО Mladex (Mladex Pharm Consulting Group);Алматы;6 ноября
Ассистент руководителя;120 000-150 000 KZT;ТОО Лайк Центр Астана;Нур-Султан;11 ноября
"Техник по работе с абонентами РКЦ ""Оңтүстік"" г. Алматы";;АО Казахтелеком;Алматы;16 ноября
Специалист по продажам В2С;;АО Казахтелеком;Алматы;8 ноября
HR Специалист по подбору Персонала;200 000-350 000 KZT;ТОО Этажи, ТМ (ТОО Etagi Almaty);Нур-Султан;23 ноября
CS Representative (TR) / Специалист технической поддержки на турецком языке;; Playrix;Алматы;11 ноября
UX designer;; Kaspi Bank, АО;Алматы;4 ноября
Помощник руководителя (по маркетингу);150 000-150 000 KZT;ТОО e-shop;Нур-Султан;16 ноября
Менеджер по продажам в Kcell Store;; Кселл, АО;Нур-Султан;26 ноября
Монтажник систем ОП сигнализации и видеонаблюдения;120 000-150 000 KZT;ТОО РусорМеталл;Караганда;30 октября
Специалист по продажам (удаленная работа);; Beeline, ТМ;Актау;18 ноября
Главный специалист Отдела безопасности IT сети;200 000-200 000 KZT;АО АТФБанк;Алматы;11 ноября
Аналитик по продажам;160 000-160 001 KZT;ТОО Алтын Алма;Нур-Султан;17 ноября
Электромонтер связи;от 90 000 KZT;ТОО Центр профессиональных услуг ЭКСИМОП;Алматы;12 ноября
Электромонтер связи (г. Сатпаев);;АО Казахтелеком;Сатпаев;20 ноября
Менеджер по региональному развитию;от 200 000 KZT;ТОО МДРегион.КЗ;Павлодар;10 ноября
Монтажник слаботочных систем;130 000-150 000 KZT;ТОО Профессиональная военизированная аварийно-спасательная служба Нұр Құтқарушы;Нур-Султан;4 ноября
Remote Customer Support Officer (with English and Arabic languages);35 000-64 000 руб.; IQ Option;Алматы;12 ноября
Менеджер IT Сервиса;;АО Aitas KZ;Алматы;17 ноября
Consultant, Data Science, ITA;;ТОО KPMG;Алматы;6 ноября
Оператор проверочного стола;;АО TECHNODOM Operator (Технодом Оператор);Усть-Каменогорск;6 ноября
Consultant, Data Science, ITA;;ТОО KPMG;Нур-Султан;6 ноября
Торговый агент, г. Павлодар (Восточной РДТ);;АО Казахтелеком;Павлодар;29 октября
Менеджер по продажам строительных материалов;90 000-300 000 KZT;ИП Теплодом (StroyMax, TM);Алматы, Райымбек батыра;19 ноября
Специалист Группы Soft-Collection Контакт-центра Дивизиона по розничному бизнесу в г. Шымкент;;АО Казахтелеком;Шымкент;4 ноября
Менеджер по работе с клиентами;80 000-200 000 KZT;ТОО Net Light Lab;Алматы;24 ноября
Менеджер в технико-хозяйственный отдел;до 200 000 KZT;ИП Детская секция робототехники Лига роботов;Нур-Султан;26 ноября
Менеджер по продажам;;ТОО ARCADA;Караганда;23 ноября
Преподаватель по программированию;350-750 USD; IT школа Hello world;Нур-Султан;12 ноября
Менеджер по продажам;;ТОО IT Support Group;Алматы, Драмтеатр имени Ауэзова;26 ноября
Специалист по обслуживанию клиентов;98 000-150 000 KZT;ТОО Goodfix;Алматы;17 ноября
Специалист по IT;;ТОО Logitex;Атырау;25 ноября
Менеджер по работе с вендорами (в сфере IT);;ТОО Алси;Алматы;17 ноября
Менеджер проектов с опытом внедрения SAP;;ТОО МЕЧТА, ТМ (Мечта Маркет, ТОО);Нур-Султан;4 ноября
Инженер поддержки ИТ сервисов;; Kaspi Bank, АО;Усть-Каменогорск;9 ноября
Оператор call-центра;60 000-140 000 KZT;ТОО Смартер Казахстан;Шымкент;26 ноября
Электромеханик связи ЦТПК Help Desk;;АО Казахтелеком;Павлодар;2 ноября
Специалист колл-центра;100 000-120 000 KZT;ТОО Almaty Enterprising Company Ltd (Алматы Интерпрайзинг компани ЛТД);Алматы;29 октября
Менеджер по продажам;70 000-300 000 KZT; СК Сентрас Иншуранс, АО;Алматы;12 ноября
Монтажник;80 000-150 000 KZT;ТОО Сәтті Телеком;Шымкент;12 ноября
Проектный менеджер;120 000-150 000 KZT;ТОО Синтегра;Караганда;11 ноября
Электромонтер линейных сооружений электросвязи 4 разряда, г. Алматы;;АО Казахтелеком;Алматы;6 ноября
Специалист по сервису;; Beeline, ТМ;Костанай;10 ноября
Менеджер по работе с авторами;80 000-100 000 KZT; РОО КАЗАХСТАНСКОЕ АВТОРСКОЕ ОБЩЕСТВО;Алматы, Алатау;26 ноября
Электромонтер связи, г. Щучинск;;АО Казахтелеком;Щучинск;10 ноября
Ведущий специалист по банковским операциям;;ИП Кенжебаева К.П.;Алматы;20 ноября
Электромонтер электропитающих устройств (г. Караганда);;АО Казахтелеком;Караганда;10 ноября
Комьюнити-менеджер;до 160 000 KZT;АО Сәтті Жұлдыз;Алматы, Райымбек батыра;12 ноября
Электромонтер связи (г. Караганда);;АО Казахтелеком;Караганда;12 ноября
Менеджер It проектов;от 200 000 KZT;ТОО Vista Systems;Алматы;24 ноября
Электромонтер подземных сооружений и коммуникаций связи;;АО Казахтелеком;Алматы;12 ноября
Программист 1С;200 000-280 000 KZT;ТОО КоКо Корейская косметика;Алматы;1 ноября
Программист-разработчик;;ТОО Бақ-ЛИЧ;Костанай;19 ноября
Преподаватель по программированию в онлайн-школу (удаленно);;ИП Хамитов И.Ж;Алматы;13 ноября
Менеджер по продажам розничной торговли;150 000-500 000 KZT;ТОО Первый БИТ;Алматы, Алатау;25 ноября
Монтажник СКС;от 150 000 KZT;ТОО Аскет (ТМ СОЮЗ медиа групп);Петропавловск;13 ноября
Технический координатор;;ТОО Astana Orleu Conference Inc;Нур-Султан;24 ноября
Оператор call-центра;60 000-140 000 KZT;ТОО Смартер Казахстан;Шымкент;26 ноября
Электромонтер 5 разряд, Линейно-абонентский цех, г. Алматы;;АО Казахтелеком;Алматы;8 ноября
"Специалист по продажам Центра региональных продаж РДТ ""Алматытелеком""";;АО Казахтелеком;Алматы;7 ноября
Директор по развитию бизнеса;400 000-500 000 KZT;ТОО Торговый дом Кирпичного завода №1 имени 15-ти лет;Нур-Султан;24 ноября
Электромонтер линейных сооружений электросвязи (Талгарский район);;АО Казахтелеком;Талгар;20 ноября
Разработчик 1С BITRIX;200 000-400 000 KZT;ТОО Logitex;Нур-Султан;19 ноября
Разработчик 1С-Битрикс;400 000-400 000 KZT;ТОО MCC Trade Company;Алматы;24 ноября
Инженер электросвязи;;АО Казахтелеком;Сергеевка (Северо-Казахстанская область);23 ноября
Специалист отдела поддержки 1С для МФО;120 000-150 000 KZT;ТОО ВЦ Интеграция;Алматы, Жибек Жолы;26 ноября
Менеджер по консультации с клиентами;350 000-1 000 000 KZT;ТОО Этажи, ТМ (ТОО Etagi Almaty);Нур-Султан;2 ноября
SAP consultants (FI / CO / MM / SD);; BearingPoint;Шымкент;12 ноября
Технический директор;200 000-250 000 KZT;ТОО Штрих-Маркет Казахстан;Нур-Султан;13 ноября
Электромонтер по ремонту и обслуживанию электроустановок;от 80 000 KZT;АО Казахтелеком;Уральск;19 ноября
Электромонтер линейных сооружений электросвязи, г. Уральск;от 62 000 KZT;АО Казахтелеком;Уральск;4 ноября
Менеджер по продажам мебели;90 000-300 000 KZT;ИП Теплодом (StroyMax, TM);Алматы, Райымбек батыра;16 ноября
SEO специалист;от 800 USD;ИП Alekenov;Нур-Султан;2 ноября
Торговый агент, г. Усть-Каменогорск (Восточной РДТ);;АО Казахтелеком;Усть-Каменогорск;29 октября
Full stack разработчик;до 400 000 KZT;ТОО МК-Золото ломбард;Алматы;2 ноября
2D Художник по окружению;160 000-200 000 KZT;ТОО TECHNICAL CAPABILITIES CIS;Павлодар;8 ноября
Программист-разработчик (1С: Предприятие 8);;ТОО ЭГЛЕТ;Алматы;23 ноября
Менеджер по продажам;100 000-250 000 KZT;ТОО Online Solutions;Нур-Султан;3 ноября
Менеджер ИТ-сервиса;;АО Aitas KZ;Нур-Султан;13 ноября
Сервисный инженер по ремонту кассовой техники;80 000-180 000 KZT;ТОО Ай Ти Концепт;Нур-Султан;25 ноября
Преподаватель по программированию в онлайн-школу (удаленно);;ИП Хамитов И.Ж;Нур-Султан;13 ноября
Менеджер по продажам электрооборудования;;ТОО Акку-Энерго;Нур-Султан;24 ноября
Менеджер по продажам;до 36 400 руб.; Skyeng;Алматы;16 ноября
Product Manager;;ТОО Manpower;Алматы;10 ноября
Менеджер по продажам;до 36 400 руб.; Skyeng;Уральск;16 ноября
Сервисный инженер;от 150 000 KZT;ООО Константа;Караганда;23 ноября
Инженер связи (СКС);90 000-110 000 KZT;ТОО SMARTNET;Алматы;25 ноября
Технический специалист/ Оператор проверочного стола;до 101 250 KZT;ТОО Fora;Караганда;23 ноября
Senior/Middle Full-stack Web developer (Web разработчик, PHP (Laravel) + Vue.js либо React);;ТОО ROQED;Нур-Султан;24 ноября
Программист-интегратор 1С;;ТОО UDI Group (Юдиай Групп);Алматы;24 ноября
Сервисный инженер 1С;до 80 000 KZT; 1С:Франчайзинг Ваниев;Алматы, Сайран;25 ноября
Менеджер образовательных курсов (Математика);до 32 000 руб.; Skyeng;Экибастуз;19 ноября
SAP consultants (FI / CO / MM / SD);; BearingPoint;Нур-Султан;12 ноября
SAP consultants (FI / CO / MM / SD);; BearingPoint;Алматы;12 ноября
SAP consultants (FI / CO / MM / SD);; BearingPoint;Атырау;12 ноября
Менеджер образовательных курсов (Математика);до 32 000 руб.; Skyeng;Караганда;19 ноября
Оператор call-центра (со знанием кыргызского языка);110 000-140 000 KZT;ТОО 7Лайн;Алматы;4 ноября
Demo Teacher (Математика);до 32 000 руб.; Skyeng;Нур-Султан;23 ноября
Инженер-электронщик;100 000-150 000 KZT;ТОО Штрих-Маркет Казахстан;Нур-Султан;15 ноября
Менеджер вводных уроков (Математика);до 32 000 руб.; Skyeng;Шымкент;16 ноября
Менеджер по продажам вводного урока математики;до 32 000 руб.; Skyeng;Нур-Султан;23 ноября
Менеджер образовательных курсов (Математика);до 32 000 руб.; Skyeng;Актобе;19 ноября
Менеджер образовательных курсов (Математика);до 32 000 руб.; Skyeng;Нур-Султан;26 ноября
Demo Teacher (Математика);до 32 000 руб.; Skyeng;Шымкент;23 ноября
Менеджер образовательных курсов (Математика);до 32 000 руб.; Skyeng;Шымкент;19 ноября
Менеджер по продажам вводного урока математики;до 32 000 руб.; Skyeng;Алматы;23 ноября
Менеджер вводных уроков (Математика);до 32 000 руб.; Skyeng;Нур-Султан;23 ноября
Менеджер по продажам вводного урока математики;до 32 000 руб.; Skyeng;Шымкент;23 ноября
Менеджер образовательных курсов (Математика);до 32 000 руб.; Skyeng;Алматы;26 ноября
Demo Teacher (Математика);до 32 000 руб.; Skyeng;Актобе;23 ноября
Менеджер по продажам вводного урока математики;до 32 000 руб.; Skyeng;Актобе;23 ноября
Demo Teacher (Математика);до 32 000 руб.; Skyeng;Алматы;26 ноября
Менеджер вводных уроков (Математика);до 32 000 руб.; Skyeng;Актобе;23 ноября
Менеджер вводных уроков (Математика);до 32 000 руб.; Skyeng;Алматы;23 ноября
Специалист по IT;;ТОО Zagranizza;Нур-Султан;28 октября
Системный администратор;;АО АТФБанк;Алматы;3 ноября
Android-разработчик;150 000-200 000 KZT;ТОО Baraholka Express;Алматы;25 ноября
Региональный менеджер по продажам;от 200 000 KZT;ТОО Интерком-Авто;Нур-Султан;25 ноября
Администратор 1С 8.3 / Системный администратор 1С;от 150 000 KZT;ИП Прокат Сервис;Нур-Султан;29 октября
Project manager;;ООО АйТи Фо Ю;Нур-Султан;2 ноября
Разработчик сайтов/дизайнер (маркетолог);;ТОО Независимая компания экспертизы и сертификации;Алматы;5 ноября
Специалист (инженер);от 130 000 KZT;ТОО Integro Company;Петропавловск;6 ноября
JavaScrip / FrontEnd Developer;100 000-180 000 KZT;ТОО CapStone;Алматы, Байконур;26 ноября
Smm специалист;140 000-270 000 KZT;ИП Leo Study;Алматы;26 ноября
Руководитель социального проекта;от 100 000 KZT;ТОО RUMIT LLP;Алматы;10 ноября
Монтажник;;ТОО Сәтті Телеком;Нур-Султан;29 октября
Монтажник;90 000-150 000 KZT;ТОО Сәтті Телеком;Тараз;6 ноября
Монтажник сети и связи;120 000-140 000 KZT;ТОО Korkem Technologies;Нур-Султан;28 октября
Оператор службы поддержки клиентов (Help Desk);80 000-100 000 KZT;ТОО Orbicom, ТОО;Алматы;26 ноября
Инженер телекоммуникаций;;Гос. корп. Государственная радиочастотная служба Министерства цифрового развития,инноваций и аэрокосмической промышленности Республики Казахстан;Нур-Султан;6 ноября
Оператор видеонаблюдения;от 120 000 KZT;ТОО АДА Фарм-Актау;Актау;26 ноября
Frontend-разработчик;1 000-2 000 USD;ТОО Happy Tech;Нур-Султан;24 ноября
Сервисный инженер;150 000-300 000 KZT;ТОО Uplink;Костанай;5 ноября
Системный администратор/стажер;от 70 000 KZT;ТОО PRO ASSISTANCE;Алматы;24 ноября
Контент-редактор сайта;от 120 000 KZT;ТОО Смарт Нетворк ЦА;Алматы;18 ноября
Менеджер интернет-магазина;150 000-200 000 KZT;ИП МиксПрайс;Алматы;19 ноября
Монтажник;100 000-500 000 KZT;ТОО Papirus Print;Алматы;17 ноября
Менеджер-оператор;от 150 000 KZT;ТОО Метры Avenue;Алматы, Абая;24 ноября
Junior Android Developer;150 000-450 000 KZT;ТОО PingOcean (ПингОушен);Алматы;30 октября
Junior PHP-программист;до 150 000 KZT;ТОО DTV Group;Алматы;19 ноября
Специалист 1С;;ИП IT-Balance;Кокшетау;24 ноября
Специалист службы поддержки пользователей;от 100 000 KZT;ТОО «Күнделік (Kundelik)»;Алматы;3 ноября
Оператор;от 88 000 KZT;ТОО Шыгысэнерготрейд;Усть-Каменогорск;23 ноября
Специалист по вводу данных;;ТОО Интермедиа Астана;Усть-Каменогорск;25 ноября
Системный администратор;180 000-200 000 KZT;ТОО Вираж Сервис Казахстан;Алматы;23 ноября
Модератор онлайн-вебинара;40 000-60 000 KZT;ИП Top Tier;Алматы;25 ноября
Установщик GPS оборудования слаботочник автоэлектрик;200 000-270 000 KZT;ТОО Альфа-Монтаж;Нур-Султан;17 ноября
Программист-разработчик;;ТОО DevCloud Solutions;Алматы;26 ноября
Специалист по IT;;ТОО Budbeed Technologies (Бадбид Технолоджис);Алматы, Абая;19 ноября
Web-дизайнер;80 000-350 000 KZT;ТОО GARCOM;Алматы;26 ноября
Веб-дизайнер;150 000-250 000 KZT;ТОО Веб-студия ONELAB;Усть-Каменогорск;26 ноября
Маркетолог;;ИП Astana IT (Restart);Нур-Султан;25 ноября
Проектный менеджер;200 000-300 000 KZT; Smart Gas Global Ltd.;Нур-Султан;19 ноября
Intern - Blogger/SMM (стажер);;ТОО GMN;Алматы;29 октября
Программист PHP / Веб-разработчик;140 000-180 000 KZT;ТОО Казахстанский Центр Переподготовки и Повышения Квалификации;Алматы;20 ноября
Офис менеджер (помощник руководителя);140 000-400 000 KZT;ТОО Компаньон Коллектор;Алматы;20 ноября
Помощник маркетолога;;ТОО Кут-Курылыс, ТОО;Алматы;2 ноября
Bussines development manager;от 350 000 KZT;ТОО Unified Technologies;Алматы, Байконур;17 ноября
IT-специалист (Help Desk);;ТОО BP MANAGEMENT GROUP;Алматы, Байконур;16 ноября
Офис-менеджер;120 000-170 000 KZT;ТОО Абсолют Люкс;Нур-Султан;24 ноября
Начинающий специалист (маркетолог);100 000-100 000 KZT;ТОО CAD.kz;Нур-Султан;12 ноября
Разработчик баз данных/ MySQL-разработчик;200 000-500 000 KZT;ТОО DevArt;Алматы;2 ноября
Back-end Разработчик;200 000-600 000 KZT;ТОО SENIM GROUP.KZ;Алматы, Абая и еще 1 ;9 ноября
Интернет-маркетолог;;ИП Добрый Кузнец;Алматы;28 октября
Младший 1С Консультант;80 000-100 000 KZT; 1С:Франчайзинг Ваниев;Алматы, Сайран;19 ноября
Сервисный инженер;130 000-250 000 KZT;ИП Сервис Центр Иван;Шымкент;19 ноября
Технический специалист;от 150 000 KZT;ТОО I-TECH Company;Алматы;23 ноября
Менеджер;от 150 000 KZT;ТОО GreenDem;Алматы;11 ноября
Специалист отдела продаж;60 000-500 000 KZT;ИП Aktobe Business Systems;Актобе;24 ноября
Помощник-консультант в финансовой сфере (экономист, финансист, бухгалтер, аудитор);;ТОО Бақ-ЛИЧ;Костанай;19 ноября
Специалист технической поддержки;100 000-150 000 KZT;ТОО Voix;Алматы, Сайран;30 октября
Технический администратор (CRM);от 200 000 KZT;ТОО ADVISION CONSULTING;Алматы;23 ноября
Специалист по вводу данных;от 60 000 KZT; Филиал РГП ИВЦ КС МНЭ РК по Карагандинской области;Караганда;12 ноября
Технический специалист;90 000-120 000 KZT;ИП ATBPOS;Нур-Султан;17 ноября
Middle/Senior PHP Developer;200 000-500 000 KZT;ТОО KazAeroSpace;Нур-Султан;10 ноября
Веб-дизайнер (Видеомонтажер);120 000-170 000 KZT;ИП Dream Tour;Алматы;11 ноября
Оператор сканирования, верификации и сшивки/расшивки;80 000-90 000 KZT;ТОО Астана Спецтехника и Внедрение,ТОО;Нур-Султан;24 ноября
Инженер-монтажник;;ТОО KSENGINEERING (КСИНЖИНИРИНГ);Алматы;28 октября
Software Engineer in Test (Python);300 000-450 000 KZT;ТОО TargetAI Limited;Нур-Султан;11 ноября
Инженер по заправке картриджей;от 120 000 KZT;ИП Sermad Company;Алматы;23 ноября
Flutter разработчик;350 000-450 000 KZT;ИП ВОСТРИКОВ И.С.;Алматы, Алатау;25 ноября
Менеджер - отдела логистики и закупок IT-оборудования;;ТОО Фирма Сервер +;Уральск;30 октября
Монтажник локально вычислительных сетей;от 100 000 KZT;ТОО Meganet;Алматы, Драмтеатр имени Ауэзова;29 октября
Специалист технической поддержки;70 000-70 000 KZT;ТОО iSME;Алматы;5 ноября
Менеджер отдела продаж корпоративных IT решений;от 200 000 KZT;ТОО ПлюсМикро НС;Нур-Султан;28 октября
Сервисный инженер 1С;100 000-150 000 KZT;ТОО СВБ Интеллект Технологии;Алматы, Алатау;23 ноября
ИТ специалист в отдел поддержки пользователей;от 100 000 KZT;ТОО OPEN SYSTEMS DEVELOPMENT;Нур-Султан;16 ноября
Монтажник слаботочных систем;;ТОО MAXTEL NETWORKS;Алматы, Байконур;4 ноября
Разработчик 1C;от 300 000 KZT;ТОО Весовая;Караганда;29 октября
BDM Autodesk specialist (Казахстан, Узбекистан, Туркменистан, Кыргызстан, Таджикистан);;ТОО Софтлайн Трэйд;Алматы;19 ноября
Технический специалист;;ТОО Жедел Кузет;Алматы;18 ноября
Эксперт по сопровождению ПО;от 200 000 KZT;ТОО Bass-Technology;Алматы;19 ноября
Тренер по продажам (можно удаленно);;ИП Mebels.kz Logistics, ТМ (Каменева Н.Ф., ИП);Караганда;22 ноября
Программист 1С;50 000-300 000 KZT;ИП Ким В.Г.;Алматы;23 ноября
Менеджер по продажам;100 000-200 000 KZT;ТОО Be Genius group;Алматы, Абая;20 ноября
Веб-дизайнер;;ТОО UDI Group (Юдиай Групп);Алматы;4 ноября
Специалист техподдержки;до 100 000 KZT;ТОО WebiTap;Усть-Каменогорск;11 ноября
Менеджер по продажам;100 000-300 000 KZT;ТОО L-CAPITAL FINANCE;Алматы;4 ноября
Ученик монтажника наружной рекламы;80 000-180 000 KZT;ТОО Макет Мастер Казахстан;Павлодар;16 ноября
Специалист проектного отдела;от 110 000 KZT;ИП Сервис Плюс;Нур-Султан;25 ноября
Оператор;120 000-150 000 KZT;ТОО Эмиль;Алматы;11 ноября
Программист 1С (г. Костанай);;ТОО БизнесУчетСервис;Костанай;5 ноября
Инженер-программист;130 000-150 000 KZT;ИП Черкасов В.С.;Усть-Каменогорск;29 октября
Начинающий SEO специалист;42 500-80 000 KZT;ТОО Net Light Lab;Алматы;9 ноября
Технический специалист;;ТОО SOGLASIE LTD;Алматы, Алатау;3 ноября
Старший программист 1С;150 000-350 000 KZT;ТОО Студия Цвета;Усть-Каменогорск;10 ноября
Менеджер интернет-магазина Робототехники;120 000-180 000 KZT;ИП RadioMart.org (ИП Лямцев Д. В.);Нур-Султан;2 ноября
Инженер технической поддержки;от 100 000 KZT;ТОО КАСТОН;Караганда;5 ноября
Специалист по ремонту ноутбуков\Сервисный инженер ПК;90 000-120 000 KZT;ТОО Сервис центр Максимум;Караганда;9 ноября
Менеджер по внедрению ПО (аккаунт менеджер/ проджект менеджер);150 000-200 000 KZT;ТОО Relog.kz;Алматы, Абая;31 октября
Старший менеджер по информационной безопасности;;ТОО HALYK Инкассация;Алматы;15 ноября
Монтажник слаботочных систем;110 000-120 000 KZT;ТОО КонструктивЭнергоСтрой;Нур-Султан;16 ноября
Преподаватель по курсам программирования;50 000-200 000 KZT;ИП SKIT;Нур-Султан;21 ноября
Оператор;80 000-150 000 KZT;ИП Аушахметов;Нур-Султан;2 ноября
Монтажник строительных конструкций;140 000-145 000 KZT;ТОО Вертикаль SZ;Темиртау;9 ноября
Программист 1С;;ТОО Компания ERP;Караганда;11 ноября
Менеджер по продажам;от 90 000 KZT;ТОО Фарм Косметик;Алматы;23 ноября
Инженер/Техник по ремонту копировальной техники;135 000-320 000 KZT;ТОО Logic Computers;Темиртау;3 ноября
Менеджер по продажам;100 000-350 000 KZT;ТОО DEVICE PRO;Усть-Каменогорск;17 ноября
Программист 1С;;ТОО КИТ-21;Караганда;5 ноября
Эксперт-оценщик;100 000-130 000 KZT;ТОО Цифра ломбард;Нур-Султан;26 ноября
Преподаватель по программированию;50 000-100 000 KZT;ТОО BAZ-COMPANY;Нур-Султан;4 ноября
Помощник менеджера по продажам;от 80 000 KZT;ИП Рояль Кусто;Алматы;9 ноября
Монтажник слаботочных систем;;ТОО Охранное агентство Тумар Кузет Астана;Нур-Султан;24 ноября
Менеджер активных продаж;90 000-250 000 KZT;ТОО Интермакс;Павлодар;12 ноября
Риелтор \ Специалист по продажам и аренде недвижимости;150 000-900 000 KZT;ТОО Супернова -7;Алматы;19 ноября
PHP программист;;ИП Хайбуллов;Алматы;15 ноября
Менеджер поддержки клиентов;100 000-150 000 KZT;ТОО NLS Kazakhstan;Нур-Султан;2 ноября
Разработчик 1С Битрикс;450 000-500 000 KZT;ТОО Factum x Ronin;Нур-Султан;23 ноября
Web-мастер;100 000-150 000 KZT;ИП Академия 360;Караганда;16 ноября
Программист;;ИП Детский Клуб Знатоки;Усть-Каменогорск;29 октября
SMM специалист/ Интернет-маркетолог;150 000-200 000 KZT;ТОО Алматинская Мебельная Фабрика;Алматы;14 ноября
Менеджер по продажам;80 000-1 000 000 KZT;ИП Акжегитов Д.А.;Караганда;5 ноября
Менеджер по продажам;;ТОО 2GIS-Atyrau;Актау;18 ноября
IT-специалист;;ТОО PromGazBP;Атырау;12 ноября
Технический специалист;120 000-140 000 KZT;ТОО Zunami Business;Нур-Султан;1 ноября
Backend разработчик на Python;от 200 000 KZT;ТОО IGB GROUP;Алматы;12 ноября
Менеджер проектов;до 500 000 KZT;ТОО Intelligent Platforms;Алматы, Абая;16 ноября
Сервисный инженер;;ТОО Азия-Вязьма;Усть-Каменогорск;5 ноября
Программист-разработчик мобильного приложения;200 000-500 000 KZT;ТОО BIZ BIRGE;Нур-Султан;16 ноября
Менеджер по продажам;150 000-450 000 KZT;ТОО Unipark;Нур-Султан;4 ноября
Администратор (оператор);120 000-150 000 KZT;ТОО ЯСАР;Нур-Султан;9 ноября
Программист;от 150 000 KZT;ИП Мир сухофруктов Расулова Шохзода Мансуровна;Нур-Султан;12 ноября
Технический специалист;120 000-140 000 KZT;ТОО Grammofon-Media Almaty;Алматы;3 ноября
Специалист IT отдела;120 000-150 000 KZT;ИП Sound Service, ИП;Алматы;6 ноября
Менеджер по работе с клиентами;80 000-180 000 KZT;ТОО The Words;Алматы;8 ноября
